true_label,predicted_label
جامعه,جامعه
ورزش,ورزش
زندگی,محله
اقتصاد,سیاسی
محله,محله
اقتصاد,اقتصاد
فرهنگ و هنر,دانش
دانش,دانش
جهان,جهان
محله,شهر
شهر,شهر
شهر,شهر
شهر,جامعه
ورزش,ورزش
جهان,جهان
دانش,دانش
محله,محله
محله,محله
سیاسی,سیاسی
سیاسی,سیاسی
جامعه,شهر
سیاسی,سیاسی
محله,زندگی
محله,سیاسی
دانش,محله
ورزش,ورزش
سیاسی,سیاسی
جامعه,جامعه
جهان,جهان
جهان,جهان
جهان,جهان
ورزش,ورزش
سیاسی,سیاسی
فرهنگ و هنر,محله
جامعه,سیاسی
سیاسی,سیاسی
زندگی,زندگی
محله,محله
فرهنگ و هنر,اقتصاد
اقتصاد,جامعه
شهر,شهر
ورزش,ورزش
اقتصاد,سیاسی
محله,فرهنگ و هنر
شهر,جامعه
ورزش,ورزش
جامعه,شهر
اقتصاد,اقتصاد
فرهنگ و هنر,فرهنگ و هنر
زندگی,محله
اقتصاد,اقتصاد
جامعه,جامعه
جهان,سیاسی
زندگی,زندگی
سیاسی,سیاسی
شهر,جامعه
جامعه,محله
شهر,شهر
جامعه,جامعه
محله,محله
دانش,جهان
محله,محله
فرهنگ و هنر,فرهنگ و هنر
محله,زندگی
اقتصاد,اقتصاد
فرهنگ و هنر,فرهنگ و هنر
شهر,محله
ورزش,ورزش
جهان,جهان
سیاسی,جهان
محله,محله
شهر,شهر
سیاسی,سیاسی
فرهنگ و هنر,فرهنگ و هنر
فرهنگ و هنر,فرهنگ و هنر
اقتصاد,اقتصاد
محله,فرهنگ و هنر
جامعه,جامعه
جهان,جهان
جهان,جهان
محله,محله
فرهنگ و هنر,فرهنگ و هنر
شهر,محله
زندگی,زندگی
محله,محله
ورزش,ورزش
زندگی,زندگی
جامعه,جامعه
سیاسی,سیاسی
شهر,شهر
محله,شهر
جامعه,جامعه
اقتصاد,اقتصاد
سیاسی,سیاسی
دانش,دانش
سیاسی,جامعه
جامعه,محله
اقتصاد,اقتصاد
جهان,جهان
اقتصاد,اقتصاد
جهان,جهان
سیاسی,جهان
محله,محله
جامعه,جامعه
محله,محله
سیاسی,سیاسی
فناوری اطلاعات,فناوری اطلاعات
ورزش,فرهنگ و هنر
ورزش,ورزش
دانش,فناوری اطلاعات
فرهنگ و هنر,فرهنگ و هنر
محله,محله
شهر,شهر
اقتصاد,اقتصاد
محله,محله
فرهنگ و هنر,فرهنگ و هنر
شهر,محله
اقتصاد,اقتصاد
جامعه,جامعه
اقتصاد,اقتصاد
جهان,جهان
دانش,فناوری اطلاعات
جامعه,جامعه
فرهنگ و هنر,فرهنگ و هنر
فرهنگ و هنر,اقتصاد
دانش,دانش
جامعه,سیاسی
فرهنگ و هنر,فرهنگ و هنر
محله,محله
دانش,زندگی
دانش,دانش
فرهنگ و هنر,فرهنگ و هنر
محله,محله
زندگی,محله
جهان,جهان
فرهنگ و هنر,فرهنگ و هنر
فرهنگ و هنر,فرهنگ و هنر
فرهنگ و هنر,فرهنگ و هنر
جامعه,جامعه
دانش,فناوری اطلاعات
زندگی,زندگی
فرهنگ و هنر,سیاسی
محله,زندگی
جهان,فرهنگ و هنر
اقتصاد,اقتصاد
جهان,جهان
ورزش,ورزش
سیاسی,جامعه
شهر,شهر
جامعه,جامعه
شهر,محله
شهر,محله
جهان,جهان
سیاسی,سیاسی
فناوری اطلاعات,فناوری اطلاعات
فناوری اطلاعات,فناوری اطلاعات
اقتصاد,اقتصاد
شهر,محله
جهان,جهان
جامعه,جامعه
فرهنگ و هنر,فرهنگ و هنر
دانش,جهان
فناوری اطلاعات,جهان
فناوری اطلاعات,فناوری اطلاعات
دانش,دانش
جامعه,دانش
جهان,سیاسی
اقتصاد,سیاسی
محله,محله
شهر,زندگی
فرهنگ و هنر,فرهنگ و هنر
سیاسی,سیاسی
دانش,دانش
زندگی,فرهنگ و هنر
ورزش,ورزش
زندگی,زندگی
دانش,دانش
جهان,جهان
جامعه,جامعه
سیاسی,سیاسی
اقتصاد,اقتصاد
سیاسی,جهان
فرهنگ و هنر,محله
ورزش,ورزش
جامعه,محله
فرهنگ و هنر,فرهنگ و هنر
اقتصاد,اقتصاد
جهان,جهان
محله,محله
ورزش,ورزش
محله,محله
ورزش,ورزش
محله,محله
فناوری اطلاعات,فناوری اطلاعات
ورزش,ورزش
محله,محله
فرهنگ و هنر,فرهنگ و هنر
زندگی,زندگی
زندگی,زندگی
شهر,شهر
ورزش,ورزش
جامعه,جامعه
جامعه,جامعه
زندگی,جامعه
فناوری اطلاعات,فناوری اطلاعات
زندگی,دانش
فرهنگ و هنر,فرهنگ و هنر
اقتصاد,اقتصاد
زندگی,زندگی
شهر,شهر
شهر,شهر
زندگی,زندگی
ورزش,ورزش
سیاسی,اقتصاد
اقتصاد,جهان
اقتصاد,اقتصاد
زندگی,زندگی
جامعه,محله
جهان,جهان
ورزش,ورزش
جهان,جهان
محله,محله
فرهنگ و هنر,فرهنگ و هنر
سیاسی,سیاسی
زندگی,زندگی
جامعه,جامعه
دانش,دانش
ورزش,ورزش
محله,محله
جامعه,جامعه
جامعه,دانش
زندگی,زندگی
فرهنگ و هنر,فرهنگ و هنر
زندگی,زندگی
فرهنگ و هنر,فرهنگ و هنر
جامعه,سیاسی
سیاسی,سیاسی
زندگی,فرهنگ و هنر
زندگی,محله
ورزش,ورزش
سیاسی,سیاسی
شهر,شهر
جهان,جهان
دانش,دانش
فرهنگ و هنر,فرهنگ و هنر
محله,محله
زندگی,دانش
شهر,جامعه
دانش,دانش
محله,محله
دانش,فناوری اطلاعات
محله,محله
ورزش,ورزش
جهان,جهان
سیاسی,سیاسی
اقتصاد,جهان
فناوری اطلاعات,فناوری اطلاعات
زندگی,فرهنگ و هنر
محله,محله
جامعه,جامعه
سیاسی,سیاسی
اقتصاد,اقتصاد
فرهنگ و هنر,سیاسی
ورزش,ورزش
زندگی,زندگی
فرهنگ و هنر,فرهنگ و هنر
زندگی,محله
اقتصاد,اقتصاد
جهان,جهان
محله,محله
جهان,جهان
سیاسی,سیاسی
محله,محله
جامعه,شهر
دانش,دانش
جامعه,اقتصاد
محله,محله
سیاسی,جامعه
سیاسی,جامعه
زندگی,زندگی
جامعه,محله
ورزش,ورزش
شهر,شهر
شهر,محله
زندگی,زندگی
جامعه,جامعه
دانش,دانش
فناوری اطلاعات,فناوری اطلاعات
اقتصاد,محله
محله,محله
دانش,زندگی
فرهنگ و هنر,فرهنگ و هنر
سیاسی,سیاسی
زندگی,زندگی
فرهنگ و هنر,فرهنگ و هنر
محله,محله
شهر,محله
سیاسی,سیاسی
اقتصاد,اقتصاد
زندگی,زندگی
اقتصاد,اقتصاد
دانش,فناوری اطلاعات
زندگی,زندگی
جهان,جهان
جامعه,محله
زندگی,زندگی
ورزش,ورزش
سیاسی,سیاسی
فرهنگ و هنر,سیاسی
محله,محله
محله,محله
اقتصاد,اقتصاد
شهر,محله
شهر,شهر
فرهنگ و هنر,فرهنگ و هنر
جامعه,جامعه
شهر,محله
فرهنگ و هنر,فرهنگ و هنر
شهر,محله
زندگی,زندگی
محله,محله
محله,محله
محله,محله
شهر,شهر
زندگی,زندگی
جهان,جهان
دانش,زندگی
دانش,دانش
اقتصاد,اقتصاد
فرهنگ و هنر,فرهنگ و هنر
ورزش,ورزش
زندگی,محله
محله,جامعه
زندگی,زندگی
اقتصاد,اقتصاد
جهان,جهان
دانش,دانش
محله,محله
جهان,جهان
جامعه,فرهنگ و هنر
محله,محله
فرهنگ و هنر,فرهنگ و هنر
سیاسی,سیاسی
جهان,جهان
فرهنگ و هنر,فرهنگ و هنر
سیاسی,سیاسی
ورزش,ورزش
فرهنگ و هنر,فرهنگ و هنر
سیاسی,سیاسی
جامعه,سیاسی
زندگی,زندگی
ورزش,ورزش
اقتصاد,اقتصاد
جامعه,زندگی
سیاسی,سیاسی
زندگی,فناوری اطلاعات
شهر,محله
اقتصاد,اقتصاد
شهر,جامعه
محله,فرهنگ و هنر
جهان,جهان
سیاسی,جامعه
سیاسی,سیاسی
دانش,فناوری اطلاعات
دانش,زندگی
اقتصاد,اقتصاد
شهر,محله
اقتصاد,اقتصاد
جهان,جهان
زندگی,زندگی
دانش,جهان
جهان,جهان
سیاسی,سیاسی
سیاسی,فرهنگ و هنر
فناوری اطلاعات,فناوری اطلاعات
فناوری اطلاعات,فناوری اطلاعات
محله,محله
فرهنگ و هنر,فرهنگ و هنر
محله,محله
ورزش,ورزش
جهان,جهان
سیاسی,سیاسی
زندگی,سیاسی
محله,محله
اقتصاد,اقتصاد
جهان,جهان
جهان,جهان
دانش,دانش
جامعه,شهر
جهان,جهان
دانش,فناوری اطلاعات
دانش,جامعه
زندگی,محله
فرهنگ و هنر,فرهنگ و هنر
اقتصاد,اقتصاد
شهر,فرهنگ و هنر
ورزش,ورزش
محله,محله
جهان,جهان
محله,محله
دانش,فناوری اطلاعات
شهر,محله
ورزش,ورزش
جهان,جهان
شهر,سیاسی
جهان,جهان
شهر,محله
فناوری اطلاعات,فناوری اطلاعات
محله,محله
فرهنگ و هنر,فرهنگ و هنر
فرهنگ و هنر,فرهنگ و هنر
اقتصاد,جهان
جامعه,سیاسی
ورزش,ورزش
سیاسی,جهان
جهان,جهان
سیاسی,سیاسی
دانش,زندگی
جهان,سیاسی
ورزش,فرهنگ و هنر
سیاسی,سیاسی
سیاسی,سیاسی
فرهنگ و هنر,فرهنگ و هنر
سیاسی,سیاسی
سیاسی,سیاسی
سیاسی,سیاسی
جهان,جهان
دانش,زندگی
محله,شهر
فرهنگ و هنر,فرهنگ و هنر
اقتصاد,اقتصاد
جامعه,جامعه
فرهنگ و هنر,فرهنگ و هنر
فرهنگ و هنر,فرهنگ و هنر
شهر,شهر
شهر,محله
دانش,جامعه
سیاسی,فرهنگ و هنر
زندگی,زندگی
محله,محله
سیاسی,سیاسی
ورزش,اقتصاد
محله,محله
فرهنگ و هنر,فرهنگ و هنر
سیاسی,سیاسی
محله,دانش
محله,محله
سیاسی,سیاسی
ورزش,ورزش
دانش,فناوری اطلاعات
محله,محله
جهان,جهان
ورزش,ورزش
ورزش,ورزش
دانش,فناوری اطلاعات
جامعه,جامعه
فرهنگ و هنر,فرهنگ و هنر
سیاسی,سیاسی
فرهنگ و هنر,فرهنگ و هنر
شهر,شهر
ورزش,ورزش
اقتصاد,اقتصاد
ورزش,ورزش
فناوری اطلاعات,جهان
اقتصاد,اقتصاد
اقتصاد,سیاسی
جهان,سیاسی
جامعه,جامعه
جامعه,دانش
جامعه,جامعه
فرهنگ و هنر,جهان
دانش,دانش
فناوری اطلاعات,فناوری اطلاعات
اقتصاد,اقتصاد
دانش,دانش
محله,محله
محله,محله
دانش,دانش
محله,محله
سیاسی,سیاسی
اقتصاد,اقتصاد
جامعه,جامعه
دانش,فناوری اطلاعات
جامعه,جامعه
جامعه,اقتصاد
جهان,جهان
ورزش,ورزش
اقتصاد,اقتصاد
فرهنگ و هنر,فرهنگ و هنر
شهر,محله
سیاسی,سیاسی
شهر,سیاسی
فناوری اطلاعات,فناوری اطلاعات
فرهنگ و هنر,فرهنگ و هنر
محله,جامعه
محله,فرهنگ و هنر
سیاسی,جهان
جهان,جهان
دانش,دانش
محله,محله
زندگی,محله
اقتصاد,اقتصاد
فرهنگ و هنر,فرهنگ و هنر
ورزش,ورزش
فرهنگ و هنر,دانش
جهان,جهان
شهر,شهر
دانش,دانش
محله,محله
فرهنگ و هنر,فرهنگ و هنر
جامعه,جامعه
سیاسی,سیاسی
دانش,فناوری اطلاعات
محله,محله
زندگی,جامعه
سیاسی,سیاسی
سیاسی,سیاسی
جهان,جهان
اقتصاد,اقتصاد
جامعه,سیاسی
جامعه,محله
شهر,شهر
فرهنگ و هنر,فرهنگ و هنر
فناوری اطلاعات,فناوری اطلاعات
محله,محله
زندگی,ورزش
سیاسی,سیاسی
جهان,جهان
دانش,دانش
جهان,جهان
شهر,جامعه
سیاسی,سیاسی
فرهنگ و هنر,فرهنگ و هنر
محله,محله
فرهنگ و هنر,فرهنگ و هنر
جامعه,فرهنگ و هنر
زندگی,زندگی
سیاسی,سیاسی
ورزش,ورزش
شهر,محله
دانش,فناوری اطلاعات
شهر,شهر
سیاسی,سیاسی
اقتصاد,اقتصاد
ورزش,ورزش
جهان,جهان
محله,محله
ورزش,ورزش
جامعه,جامعه
جامعه,دانش
فرهنگ و هنر,دانش
فرهنگ و هنر,فرهنگ و هنر
جامعه,جامعه
جهان,سیاسی
محله,محله
ورزش,ورزش
فرهنگ و هنر,فرهنگ و هنر
فرهنگ و هنر,فرهنگ و هنر
جهان,سیاسی
فرهنگ و هنر,جهان
شهر,شهر
سیاسی,سیاسی
دانش,زندگی
محله,محله
شهر,جامعه
زندگی,زندگی
زندگی,زندگی
سیاسی,سیاسی
فرهنگ و هنر,فرهنگ و هنر
دانش,فناوری اطلاعات
ورزش,ورزش
دانش,فناوری اطلاعات
اقتصاد,اقتصاد
جهان,جهان
جامعه,اقتصاد
زندگی,فرهنگ و هنر
سیاسی,اقتصاد
ورزش,ورزش
جهان,جهان
ورزش,ورزش
فرهنگ و هنر,فرهنگ و هنر
ورزش,ورزش
فرهنگ و هنر,فرهنگ و هنر
محله,محله
فرهنگ و هنر,فرهنگ و هنر
سیاسی,سیاسی
شهر,اقتصاد
جهان,جهان
جهان,سیاسی
سیاسی,سیاسی
محله,محله
سیاسی,سیاسی
دانش,دانش
محله,محله
شهر,جامعه
شهر,شهر
دانش,دانش
دانش,دانش
فرهنگ و هنر,فرهنگ و هنر
فرهنگ و هنر,فرهنگ و هنر
محله,محله
دانش,دانش
ورزش,ورزش
جامعه,جامعه
اقتصاد,اقتصاد
محله,محله
محله,محله
شهر,جامعه
سیاسی,سیاسی
ورزش,ورزش
جهان,جهان
جامعه,جامعه
زندگی,زندگی
ورزش,ورزش
جهان,جهان
اقتصاد,سیاسی
زندگی,زندگی
شهر,محله
جهان,جهان
جهان,جهان
شهر,دانش
محله,فرهنگ و هنر
اقتصاد,اقتصاد
شهر,شهر
دانش,دانش
دانش,جهان
شهر,شهر
جهان,سیاسی
شهر,شهر
شهر,محله
فناوری اطلاعات,فناوری اطلاعات
محله,محله
جهان,جهان
فرهنگ و هنر,فرهنگ و هنر
دانش,زندگی
فرهنگ و هنر,فرهنگ و هنر
شهر,سیاسی
فناوری اطلاعات,دانش
ورزش,ورزش
ورزش,ورزش
دانش,فناوری اطلاعات
سیاسی,سیاسی
جامعه,سیاسی
شهر,محله
ورزش,ورزش
فرهنگ و هنر,فرهنگ و هنر
شهر,محله
ورزش,ورزش
سیاسی,سیاسی
سیاسی,سیاسی
اقتصاد,اقتصاد
دانش,دانش
دانش,زندگی
ورزش,ورزش
ورزش,فرهنگ و هنر
دانش,زندگی
اقتصاد,اقتصاد
محله,محله
سیاسی,شهر
جامعه,جامعه
ورزش,ورزش
اقتصاد,اقتصاد
محله,فرهنگ و هنر
محله,محله
دانش,دانش
زندگی,زندگی
سیاسی,جامعه
فرهنگ و هنر,فرهنگ و هنر
سیاسی,سیاسی
سیاسی,سیاسی
شهر,جامعه
اقتصاد,اقتصاد
محله,محله
شهر,محله
فرهنگ و هنر,فرهنگ و هنر
جهان,فرهنگ و هنر
اقتصاد,اقتصاد
محله,محله
دانش,دانش
جهان,جهان
دانش,دانش
محله,شهر
سیاسی,سیاسی
ورزش,ورزش
جامعه,سیاسی
محله,محله
سیاسی,سیاسی
محله,محله
دانش,محله
ورزش,ورزش
فرهنگ و هنر,فرهنگ و هنر
سیاسی,سیاسی
اقتصاد,اقتصاد
شهر,محله
فرهنگ و هنر,فرهنگ و هنر
ورزش,ورزش
جهان,دانش
محله,محله
ورزش,ورزش
جهان,فناوری اطلاعات
اقتصاد,اقتصاد
جامعه,جامعه
زندگی,دانش
شهر,زندگی
اقتصاد,اقتصاد
سیاسی,سیاسی
شهر,محله
دانش,دانش
سیاسی,محله
زندگی,زندگی
سیاسی,سیاسی
فرهنگ و هنر,فرهنگ و هنر
محله,محله
فرهنگ و هنر,فرهنگ و هنر
شهر,شهر
زندگی,زندگی
ورزش,ورزش
جامعه,سیاسی
ورزش,ورزش
سیاسی,سیاسی
دانش,فناوری اطلاعات
فناوری اطلاعات,فناوری اطلاعات
جهان,جهان
اقتصاد,اقتصاد
زندگی,اقتصاد
محله,محله
زندگی,زندگی
دانش,فناوری اطلاعات
ورزش,ورزش
جامعه,محله
سیاسی,سیاسی
جهان,جهان
جامعه,جامعه
جهان,جهان
سیاسی,سیاسی
محله,محله
دانش,فناوری اطلاعات
ورزش,ورزش
فرهنگ و هنر,شهر
جهان,جهان
دانش,فناوری اطلاعات
شهر,فرهنگ و هنر
فرهنگ و هنر,فرهنگ و هنر
ورزش,ورزش
جامعه,جامعه
محله,محله
فرهنگ و هنر,فرهنگ و هنر
جامعه,سیاسی
محله,محله
فرهنگ و هنر,فرهنگ و هنر
جهان,جهان
جهان,جهان
ورزش,ورزش
فرهنگ و هنر,فرهنگ و هنر
دانش,فناوری اطلاعات
محله,محله
شهر,محله
جامعه,جامعه
سیاسی,جهان
محله,محله
سیاسی,سیاسی
دانش,زندگی
ورزش,ورزش
ورزش,ورزش
دانش,دانش
اقتصاد,اقتصاد
جامعه,جامعه
سیاسی,سیاسی
سیاسی,سیاسی
جهان,جهان
شهر,شهر
جامعه,محله
اقتصاد,سیاسی
ورزش,ورزش
شهر,فرهنگ و هنر
دانش,زندگی
زندگی,زندگی
دانش,جامعه
سیاسی,سیاسی
جامعه,زندگی
فناوری اطلاعات,فناوری اطلاعات
محله,محله
شهر,شهر
ورزش,ورزش
جامعه,جامعه
جامعه,محله
سیاسی,سیاسی
شهر,شهر
سیاسی,سیاسی
شهر,جامعه
ورزش,ورزش
اقتصاد,اقتصاد
اقتصاد,اقتصاد
محله,محله
اقتصاد,اقتصاد
دانش,دانش
جهان,جهان
شهر,محله
اقتصاد,اقتصاد
ورزش,ورزش
محله,محله
ورزش,ورزش
سیاسی,سیاسی
ورزش,ورزش
محله,زندگی
جهان,جهان
ورزش,ورزش
جهان,جهان
اقتصاد,اقتصاد
زندگی,زندگی
اقتصاد,اقتصاد
زندگی,زندگی
اقتصاد,اقتصاد
فرهنگ و هنر,اقتصاد
شهر,محله
محله,محله
سیاسی,سیاسی
فناوری اطلاعات,فناوری اطلاعات
زندگی,محله
سیاسی,جهان
فرهنگ و هنر,فرهنگ و هنر
زندگی,زندگی
فناوری اطلاعات,فناوری اطلاعات
سیاسی,سیاسی
سیاسی,سیاسی
محله,محله
جامعه,جامعه
شهر,اقتصاد
فناوری اطلاعات,فناوری اطلاعات
سیاسی,جهان
محله,دانش
فرهنگ و هنر,فرهنگ و هنر
فرهنگ و هنر,فرهنگ و هنر
ورزش,ورزش
سیاسی,سیاسی
زندگی,زندگی
فناوری اطلاعات,فناوری اطلاعات
جامعه,جامعه
فرهنگ و هنر,فرهنگ و هنر
سیاسی,سیاسی
جهان,جهان
زندگی,زندگی
جامعه,محله
جهان,جهان
فرهنگ و هنر,فرهنگ و هنر
محله,محله
سیاسی,سیاسی
دانش,دانش
جامعه,جامعه
فرهنگ و هنر,سیاسی
ورزش,اقتصاد
شهر,سیاسی
جامعه,جامعه
ورزش,ورزش
ورزش,ورزش
شهر,شهر
شهر,محله
دانش,فناوری اطلاعات
محله,محله
فرهنگ و هنر,فرهنگ و هنر
ورزش,ورزش
جامعه,جامعه
محله,محله
شهر,شهر
محله,محله
شهر,محله
جامعه,اقتصاد
فرهنگ و هنر,فرهنگ و هنر
اقتصاد,اقتصاد
ورزش,ورزش
زندگی,دانش
فرهنگ و هنر,فرهنگ و هنر
فرهنگ و هنر,فرهنگ و هنر
ورزش,ورزش
فرهنگ و هنر,فرهنگ و هنر
فرهنگ و هنر,فرهنگ و هنر
شهر,محله
سیاسی,سیاسی
محله,فرهنگ و هنر
جهان,جهان
اقتصاد,اقتصاد
جهان,جهان
جامعه,جامعه
جامعه,جامعه
جامعه,سیاسی
فرهنگ و هنر,فرهنگ و هنر
جهان,فناوری اطلاعات
جهان,فناوری اطلاعات
فرهنگ و هنر,جامعه
شهر,محله
دانش,فناوری اطلاعات
جهان,جهان
زندگی,محله
فرهنگ و هنر,فرهنگ و هنر
سیاسی,سیاسی
اقتصاد,جامعه
سیاسی,سیاسی
ورزش,ورزش
فرهنگ و هنر,فرهنگ و هنر
شهر,محله
دانش,دانش
جهان,جهان
زندگی,زندگی
اقتصاد,سیاسی
دانش,زندگی
سیاسی,سیاسی
فرهنگ و هنر,فرهنگ و هنر
محله,فرهنگ و هنر
جامعه,جامعه
فرهنگ و هنر,فرهنگ و هنر
فرهنگ و هنر,فرهنگ و هنر
اقتصاد,اقتصاد
شهر,جامعه
فناوری اطلاعات,فناوری اطلاعات
سیاسی,سیاسی
سیاسی,جهان
شهر,جامعه
فرهنگ و هنر,فرهنگ و هنر
زندگی,فرهنگ و هنر
فناوری اطلاعات,فناوری اطلاعات
دانش,فناوری اطلاعات
سیاسی,سیاسی
اقتصاد,اقتصاد
ورزش,فرهنگ و هنر
شهر,سیاسی
محله,محله
اقتصاد,اقتصاد
دانش,دانش
جامعه,جامعه
شهر,جامعه
فرهنگ و هنر,سیاسی
دانش,دانش
فرهنگ و هنر,فرهنگ و هنر
اقتصاد,اقتصاد
زندگی,فرهنگ و هنر
جامعه,جامعه
فرهنگ و هنر,فرهنگ و هنر
اقتصاد,فناوری اطلاعات
جامعه,فرهنگ و هنر
فرهنگ و هنر,فرهنگ و هنر
جامعه,فرهنگ و هنر
محله,محله
اقتصاد,اقتصاد
فناوری اطلاعات,فناوری اطلاعات
سیاسی,سیاسی
جامعه,جامعه
فرهنگ و هنر,فرهنگ و هنر
اقتصاد,اقتصاد
ورزش,ورزش
شهر,اقتصاد
سیاسی,سیاسی
دانش,دانش
ورزش,ورزش
جامعه,جامعه
شهر,اقتصاد
دانش,فرهنگ و هنر
شهر,سیاسی
اقتصاد,اقتصاد
زندگی,زندگی
جامعه,جامعه
اقتصاد,اقتصاد
سیاسی,سیاسی
اقتصاد,اقتصاد
شهر,فناوری اطلاعات
ورزش,ورزش
جامعه,جامعه
سیاسی,سیاسی
ورزش,ورزش
دانش,فناوری اطلاعات
محله,محله
جهان,جهان
دانش,دانش
ورزش,ورزش
محله,محله
سیاسی,سیاسی
جهان,دانش
جهان,جهان
سیاسی,سیاسی
جامعه,فرهنگ و هنر
اقتصاد,اقتصاد
فرهنگ و هنر,جامعه
جهان,جهان
جامعه,سیاسی
فرهنگ و هنر,فرهنگ و هنر
جامعه,زندگی
سیاسی,جهان
اقتصاد,اقتصاد
محله,محله
دانش,دانش
دانش,دانش
فرهنگ و هنر,فرهنگ و هنر
فرهنگ و هنر,فرهنگ و هنر
سیاسی,سیاسی
فرهنگ و هنر,سیاسی
فرهنگ و هنر,فرهنگ و هنر
فرهنگ و هنر,اقتصاد
زندگی,زندگی
اقتصاد,شهر
جامعه,جامعه
ورزش,ورزش
شهر,محله
دانش,دانش
شهر,محله
شهر,محله
سیاسی,سیاسی
شهر,محله
دانش,دانش
دانش,فناوری اطلاعات
جامعه,جامعه
زندگی,فرهنگ و هنر
شهر,شهر
جهان,جهان
جهان,جهان
جهان,جهان
فرهنگ و هنر,سیاسی
زندگی,فرهنگ و هنر
سیاسی,سیاسی
محله,فرهنگ و هنر
فرهنگ و هنر,فرهنگ و هنر
زندگی,زندگی
شهر,جامعه
زندگی,زندگی
جامعه,اقتصاد
جامعه,شهر
ورزش,ورزش
محله,محله
جامعه,اقتصاد
شهر,شهر
جهان,جهان
شهر,شهر
اقتصاد,سیاسی
شهر,محله
محله,محله
ورزش,ورزش
جهان,جهان
دانش,زندگی
دانش,دانش
زندگی,دانش
ورزش,ورزش
جهان,جهان
دانش,شهر
شهر,محله
ورزش,ورزش
محله,ورزش
جامعه,دانش
جامعه,سیاسی
فرهنگ و هنر,فرهنگ و هنر
دانش,زندگی
اقتصاد,اقتصاد
اقتصاد,اقتصاد
اقتصاد,اقتصاد
ورزش,ورزش
اقتصاد,اقتصاد
جامعه,جامعه
محله,فرهنگ و هنر
جهان,جهان
فرهنگ و هنر,فرهنگ و هنر
فرهنگ و هنر,فرهنگ و هنر
سیاسی,فرهنگ و هنر
محله,محله
اقتصاد,فناوری اطلاعات
فناوری اطلاعات,جهان
شهر,شهر
شهر,فرهنگ و هنر
شهر,محله
فرهنگ و هنر,فرهنگ و هنر
زندگی,زندگی
جامعه,جامعه
جهان,دانش
زندگی,زندگی
زندگی,زندگی
جامعه,سیاسی
جهان,جهان
محله,فرهنگ و هنر
شهر,شهر
جهان,زندگی
جامعه,جامعه
شهر,شهر
جامعه,جامعه
زندگی,محله
جهان,جهان
فناوری اطلاعات,فناوری اطلاعات
محله,محله
شهر,جامعه
زندگی,زندگی
ورزش,ورزش
فناوری اطلاعات,فناوری اطلاعات
ورزش,ورزش
فرهنگ و هنر,فرهنگ و هنر
فرهنگ و هنر,فرهنگ و هنر
زندگی,فرهنگ و هنر
سیاسی,سیاسی
شهر,سیاسی
اقتصاد,اقتصاد
شهر,شهر
فناوری اطلاعات,فناوری اطلاعات
فناوری اطلاعات,فناوری اطلاعات
اقتصاد,اقتصاد
جامعه,جامعه
اقتصاد,اقتصاد
جامعه,جامعه
زندگی,زندگی
جامعه,فرهنگ و هنر
زندگی,زندگی
ورزش,ورزش
جامعه,محله
فرهنگ و هنر,فرهنگ و هنر
محله,محله
اقتصاد,اقتصاد
فرهنگ و هنر,فرهنگ و هنر
شهر,فرهنگ و هنر
فرهنگ و هنر,فرهنگ و هنر
جامعه,جامعه
دانش,فناوری اطلاعات
اقتصاد,اقتصاد
زندگی,زندگی
دانش,دانش
زندگی,محله
سیاسی,سیاسی
فرهنگ و هنر,فرهنگ و هنر
محله,محله
اقتصاد,اقتصاد
جامعه,اقتصاد
فرهنگ و هنر,فرهنگ و هنر
جهان,جهان
زندگی,زندگی
اقتصاد,اقتصاد
دانش,فناوری اطلاعات
شهر,محله
جهان,جهان
جامعه,جامعه
جهان,جهان
اقتصاد,اقتصاد
شهر,جامعه
فناوری اطلاعات,فناوری اطلاعات
اقتصاد,اقتصاد
محله,محله
دانش,زندگی
فرهنگ و هنر,فرهنگ و هنر
فرهنگ و هنر,فرهنگ و هنر
فرهنگ و هنر,فرهنگ و هنر
ورزش,ورزش
جهان,جهان
شهر,جامعه
زندگی,زندگی
دانش,زندگی
زندگی,زندگی
فرهنگ و هنر,فرهنگ و هنر
فرهنگ و هنر,فرهنگ و هنر
سیاسی,جامعه
دانش,زندگی
دانش,فرهنگ و هنر
اقتصاد,اقتصاد
ورزش,ورزش
جهان,جهان
ورزش,اقتصاد
فرهنگ و هنر,فرهنگ و هنر
جامعه,زندگی
دانش,جهان
شهر,شهر
اقتصاد,اقتصاد
فناوری اطلاعات,فناوری اطلاعات
سیاسی,سیاسی
اقتصاد,اقتصاد
زندگی,زندگی
اقتصاد,اقتصاد
شهر,شهر
اقتصاد,اقتصاد
جهان,جهان
ورزش,ورزش
جامعه,سیاسی
سیاسی,اقتصاد
زندگی,زندگی
فرهنگ و هنر,فرهنگ و هنر
جامعه,محله
دانش,جامعه
فرهنگ و هنر,فرهنگ و هنر
جهان,جهان
جامعه,سیاسی
جهان,جهان
فرهنگ و هنر,فرهنگ و هنر
ورزش,ورزش
محله,محله
دانش,فناوری اطلاعات
جهان,جهان
سیاسی,سیاسی
دانش,فناوری اطلاعات
سیاسی,سیاسی
فرهنگ و هنر,فرهنگ و هنر
زندگی,زندگی
ورزش,ورزش
جامعه,جامعه
ورزش,ورزش
فرهنگ و هنر,سیاسی
ورزش,ورزش
جامعه,جامعه
سیاسی,جامعه
سیاسی,سیاسی
سیاسی,سیاسی
دانش,زندگی
جامعه,سیاسی
شهر,محله
محله,فرهنگ و هنر
سیاسی,فرهنگ و هنر
اقتصاد,اقتصاد
شهر,شهر
دانش,دانش
دانش,فناوری اطلاعات
جامعه,جامعه
جهان,جهان
جامعه,جامعه
جهان,جهان
ورزش,دانش
جامعه,جامعه
ورزش,ورزش
دانش,فناوری اطلاعات
فناوری اطلاعات,فناوری اطلاعات
سیاسی,جهان
جهان,جهان
جامعه,جامعه
جامعه,شهر
اقتصاد,اقتصاد
ورزش,ورزش
جهان,جهان
سیاسی,سیاسی
شهر,سیاسی
ورزش,ورزش
شهر,جامعه
زندگی,زندگی
شهر,محله
جامعه,محله
جهان,جهان
محله,محله
فرهنگ و هنر,فرهنگ و هنر
ورزش,ورزش
جهان,جهان
شهر,محله
ورزش,ورزش
ورزش,جامعه
فرهنگ و هنر,دانش
شهر,فرهنگ و هنر
جهان,سیاسی
جامعه,شهر
دانش,دانش
فرهنگ و هنر,فرهنگ و هنر
شهر,شهر
شهر,جامعه
دانش,دانش
جهان,جهان
زندگی,زندگی
اقتصاد,اقتصاد
فرهنگ و هنر,فرهنگ و هنر
اقتصاد,اقتصاد
جهان,جهان
زندگی,فرهنگ و هنر
اقتصاد,اقتصاد
فرهنگ و هنر,فرهنگ و هنر
ورزش,ورزش
جامعه,جامعه
زندگی,زندگی
محله,محله
جامعه,جامعه
سیاسی,سیاسی
اقتصاد,اقتصاد
شهر,جامعه
سیاسی,سیاسی
زندگی,فرهنگ و هنر
فناوری اطلاعات,جهان
سیاسی,فرهنگ و هنر
دانش,فناوری اطلاعات
ورزش,ورزش
اقتصاد,اقتصاد
سیاسی,سیاسی
سیاسی,سیاسی
ورزش,ورزش
اقتصاد,اقتصاد
سیاسی,جهان
محله,اقتصاد
جامعه,جامعه
اقتصاد,جامعه
محله,جامعه
ورزش,ورزش
جامعه,جامعه
دانش,دانش
جامعه,دانش
جامعه,دانش
شهر,محله
سیاسی,اقتصاد
سیاسی,جهان
جهان,جهان
دانش,دانش
جامعه,جامعه
جامعه,جامعه
جامعه,محله
شهر,جامعه
زندگی,زندگی
جهان,جهان
محله,محله
دانش,فناوری اطلاعات
فرهنگ و هنر,فرهنگ و هنر
ورزش,ورزش
سیاسی,سیاسی
ورزش,ورزش
زندگی,زندگی
جهان,جهان
شهر,محله
دانش,زندگی
جهان,جهان
فرهنگ و هنر,فرهنگ و هنر
دانش,دانش
جهان,جهان
جامعه,محله
جهان,جامعه
سیاسی,جهان
جامعه,زندگی
شهر,محله
سیاسی,سیاسی
دانش,زندگی
جامعه,سیاسی
شهر,شهر
جامعه,دانش
جهان,فناوری اطلاعات
محله,محله
فناوری اطلاعات,جهان
شهر,شهر
جامعه,جامعه
زندگی,جهان
زندگی,زندگی
دانش,دانش
اقتصاد,اقتصاد
زندگی,زندگی
فناوری اطلاعات,فناوری اطلاعات
دانش,دانش
محله,زندگی
فرهنگ و هنر,فرهنگ و هنر
اقتصاد,اقتصاد
اقتصاد,اقتصاد
جامعه,جامعه
زندگی,زندگی
دانش,دانش
دانش,دانش
دانش,فناوری اطلاعات
ورزش,ورزش
دانش,زندگی
اقتصاد,اقتصاد
اقتصاد,اقتصاد
شهر,جامعه
زندگی,زندگی
جامعه,اقتصاد
جهان,جهان
اقتصاد,جامعه
سیاسی,سیاسی
فرهنگ و هنر,فرهنگ و هنر
شهر,شهر
فناوری اطلاعات,فناوری اطلاعات
جامعه,جامعه
سیاسی,سیاسی
شهر,محله
جامعه,جامعه
دانش,دانش
سیاسی,سیاسی
محله,محله
فناوری اطلاعات,فناوری اطلاعات
زندگی,زندگی
جامعه,محله
زندگی,زندگی
شهر,محله
دانش,محله
دانش,دانش
ورزش,ورزش
محله,محله
فرهنگ و هنر,فرهنگ و هنر
محله,شهر
جامعه,جامعه
سیاسی,سیاسی
جهان,سیاسی
سیاسی,سیاسی
ورزش,ورزش
محله,محله
اقتصاد,اقتصاد
جامعه,جامعه
اقتصاد,اقتصاد
فناوری اطلاعات,فناوری اطلاعات
جهان,جهان
فرهنگ و هنر,فرهنگ و هنر
دانش,فناوری اطلاعات
سیاسی,سیاسی
جهان,سیاسی
اقتصاد,اقتصاد
زندگی,زندگی
محله,محله
سیاسی,سیاسی
شهر,جامعه
ورزش,محله
سیاسی,سیاسی
سیاسی,سیاسی
فرهنگ و هنر,فرهنگ و هنر
محله,سیاسی
فرهنگ و هنر,فرهنگ و هنر
سیاسی,سیاسی
زندگی,زندگی
سیاسی,سیاسی
فرهنگ و هنر,فرهنگ و هنر
شهر,محله
شهر,محله
ورزش,ورزش
اقتصاد,سیاسی
محله,محله
سیاسی,سیاسی
فرهنگ و هنر,محله
فرهنگ و هنر,سیاسی
دانش,فناوری اطلاعات
ورزش,ورزش
شهر,جامعه
ورزش,ورزش
فرهنگ و هنر,فرهنگ و هنر
فرهنگ و هنر,فرهنگ و هنر
جامعه,جامعه
سیاسی,سیاسی
محله,محله
محله,فرهنگ و هنر
جامعه,دانش
جامعه,جامعه
ورزش,ورزش
جامعه,فرهنگ و هنر
سیاسی,سیاسی
ورزش,ورزش
سیاسی,سیاسی
سیاسی,سیاسی
محله,محله
سیاسی,سیاسی
شهر,محله
اقتصاد,اقتصاد
زندگی,زندگی
شهر,اقتصاد
سیاسی,جهان
محله,محله
اقتصاد,اقتصاد
جامعه,محله
اقتصاد,سیاسی
سیاسی,سیاسی
فرهنگ و هنر,فرهنگ و هنر
اقتصاد,سیاسی
دانش,دانش
جهان,جهان
دانش,دانش
ورزش,محله
اقتصاد,اقتصاد
شهر,شهر
اقتصاد,اقتصاد
فناوری اطلاعات,فناوری اطلاعات
ورزش,ورزش
محله,جامعه
فرهنگ و هنر,فرهنگ و هنر
جامعه,جامعه
سیاسی,جهان
اقتصاد,سیاسی
سیاسی,سیاسی
اقتصاد,اقتصاد
فناوری اطلاعات,فناوری اطلاعات
اقتصاد,اقتصاد
جهان,جهان
محله,فرهنگ و هنر
محله,جامعه
محله,محله
محله,محله
سیاسی,جهان
سیاسی,سیاسی
محله,محله
شهر,شهر
جهان,جهان
جهان,جهان
فناوری اطلاعات,فناوری اطلاعات
سیاسی,سیاسی
شهر,شهر
محله,محله
شهر,سیاسی
سیاسی,جهان
سیاسی,سیاسی
فرهنگ و هنر,فرهنگ و هنر
شهر,جامعه
شهر,جامعه
فرهنگ و هنر,فرهنگ و هنر
جامعه,جامعه
جهان,جهان
سیاسی,سیاسی
شهر,محله
سیاسی,سیاسی
